iso_code,name,gdp_ppp,gdp_per_capita,inflation,unemployment,public_debt_pct,gdp
AF,Afghanistan,82238000000.0,2000.0,6.6,13.3,7.8,15966227156.0
AL,Albania,51360000000.0,18900.0,2.2,10.3,81.9,16158243058.0
DZ,Algeria,722912000000.0,15400.0,4.0,11.5,27.5,231616947638.0
AS,American Samoa,658000000.0,,,,,662725190.0
AD,Andorra,5402000000.0,65900.0,6.2,,41.4,3508466410.0
AO,Angola,278239000000.0,7300.0,28.2,14.5,75.3,109349503922.0
AI,Anguilla,362499000.0,31000.0,3.0,,20.8,
AG,Antigua and Barbuda,2772000000.0,29600.0,6.2,,86.2,1802246648.0
AR,Argentina,1213000000000.0,26500.0,73.1,7.9,55.0,609232576079.0
AM,Armenia,60909000000.0,20100.0,0.3,13.4,48.3,17489816843.0
AW,Aruba,4350000000.0,40500.0,4.3,,84.7,3665237356.0
AU,Australia,1635000000000.0,60100.0,3.2,4.1,58.0,1694657951604.0
AT,Austria,581131000000.0,63300.0,2.9,5.5,78.3,424406547759.0
AZ,Azerbaijan,225198000000.0,22100.0,2.2,5.6,16.8,60821385330.0
BH,Bahrain,93937000000.0,59100.0,0.9,1.2,111.6,42556396855.0
BD,Bangladesh,1473000000000.0,8500.0,10.5,4.7,33.3,348691572810.0
BB,Barbados,5634000000.0,19900.0,0.5,7.6,133.2,6504343545.0
BY,Belarus,265220000000.0,29000.0,5.8,3.4,33.2,63041907030.0
BE,Belgium,749229000000.0,63100.0,3.1,5.5,92.5,539119634585.0
BZ,Belize,5538000000.0,13300.0,3.3,7.0,99.0,2695693009.0
BJ,Benin,56424000000.0,3900.0,1.2,1.8,49.7,20706965104.0
BM,Bermuda,6808000000.0,105300.0,2.8,,,7530968949.0
BT,Bhutan,11517000000.0,14600.0,2.8,2.9,111.0,3177790168.0
BO,Bolivia,122200000000.0,9800.0,5.1,3.1,49.0,37207939737.0
BA,Bosnia and Herzegovina,64641000000.0,20400.0,1.7,10.8,40.3,21803508730.0
BW,Botswana,45553000000.0,18100.0,2.8,23.2,19.6,17399198450.0
BR,Brazil,4165000000000.0,19600.0,4.4,7.7,83.0,2074494382804.0
VG,British Virgin Islands,1634000000.0,40500.0,8.5,,,
BN,Brunei,36640000000.0,79200.0,0.4,5.2,2.8,13771417606.0
BG,Bulgaria,219645000000.0,34100.0,2.4,4.2,30.1,67254858232.0
BF,Burkina Faso,60001000000.0,2500.0,4.2,5.2,61.3,18945886455.0
MM,Burma,287559000000.0,5300.0,8.8,3.1,35.7,61867003258.0
BI,Burundi,11739000000.0,800.0,20.2,1.0,48.4,3934701368.0
CV,Cabo Verde,5200000000.0,9900.0,1.0,11.9,127.6,2476302510.0
KH,Cambodia,123676000000.0,7000.0,2.1,0.3,50.3,40575632562.0
CM,Cameroon,143264000000.0,4900.0,4.5,3.6,32.5,44504411650.0
CA,Canada,2341000000000.0,56700.0,2.4,6.5,61.3,1891740160107.0
KY,Cayman Islands,5705000000.0,78100.0,2.0,,,6282791345.0
CF,Central African Republic,5926000000.0,1100.0,3.0,5.9,56.0,2172168656.0
TD,Chad,52895000000.0,2600.0,8.9,1.1,52.4,18347335765.0
CL,Chile,596556000000.0,30200.0,4.3,9.1,21.0,296005043455.0
CN,China,33598000000000.0,23800.0,0.2,4.6,47.0,19401316126585.0
CO,Colombia,978592000000.0,18500.0,6.6,9.7,71.3,372674094475.0
KM,Comoros,3092000000.0,3600.0,1.0,3.9,27.7,1261102493.0
CG,Congo (Brazzaville),39147000000.0,6200.0,3.1,19.7,128.7,10913368247.0
CK,Cook Islands,401155000.0,29800.0,10.6,,,
CR,Costa Rica,138371000000.0,27000.0,0.4,7.9,48.9,80741594727.0
CI,Côte d'Ivoire,215018000000.0,6700.0,3.5,2.3,47.0,81476260434.0
HR,Croatia,164825000000.0,42600.0,3.0,5.3,75.6,71377484555.0
CU,Cuba,81165000000.0,23700.0,76.1,1.6,42.7,81046145427.0
CW,Curacao,4312000000.0,27700.0,2.6,,,2814389433.0
CY,Cyprus,50055000000.0,53300.0,1.8,5.7,97.5,33079649143.0
CZ,Czechia,521928000000.0,48000.0,2.4,2.6,36.8,228752549524.0
DK,Denmark,440558000000.0,73700.0,1.4,5.6,35.3,373876120004.0
DJ,Djibouti,7995000000.0,6800.0,2.1,25.9,33.7,4095380799.0
DM,Dominica,1241000000.0,18700.0,2.6,,71.7,625816120.0
CD,DRC,164367000000.0,1500.0,41.5,4.6,16.0,64039235049.0
EC,Ecuador,252728000000.0,13900.0,1.5,4.8,43.2,112749552668.0
EG,Egypt,1958000000000.0,16800.0,28.3,7.2,103.0,503367605841.0
SV,El Salvador,73961000000.0,11700.0,0.9,2.9,102.2,30140111727.0
GQ,Equatorial Guinea,29248000000.0,15500.0,4.8,7.9,43.3,8718580207.0
ER,Eritrea,2534000000.0,700.0,7.4,5.6,132.8,2252986366.0
EE,Estonia,57001000000.0,41500.0,3.5,7.9,28.3,27715055071.0
SZ,Eswatini,12885000000.0,10400.0,2.6,34.4,35.9,5006737885.0
ET,Ethiopia,380895000000.0,2900.0,21.0,3.4,31.4,128069700729.0
FK,Falkland Islands (Islas Malvinas),,70800.0,,,,
FO,Faroe Islands,3834000000.0,70400.0,,,,3240267282.0
FM,Federated States of Micronesia,432679000.0,3800.0,5.4,,27.8,343292813.0
FJ,Fiji,13100000000.0,14100.0,4.5,4.4,47.5,5688678190.0
FI,Finland,313591000000.0,55600.0,1.6,8.3,61.3,253757802164.0
FR,France,3732000000000.0,54500.0,2.0,7.4,98.5,2743239233772.0
PF,French Polynesia,6007000000.0,23300.0,6.4,11.8,,5874732292.0
GA,Gabon,48045000000.0,18900.0,1.2,20.1,64.2,17220864511.0
PS,Palestine,20339000000.0,3800.0,53.7,24.5,,12462900000.0
GE,Georgia,91849000000.0,25000.0,1.1,11.5,43.4,27066204097.0
DE,Germany,5247000000000.0,62800.0,2.3,3.5,63.9,3685858188650.0
GH,Ghana,243124000000.0,7100.0,22.8,3.1,73.4,79265436278.0
GR,Greece,392205000000.0,37800.0,2.7,10.2,190.6,228291607840.0
GL,Greenland,4040000000.0,71000.0,1.2,,,2839256686.0
GD,Grenada,2080000000.0,17700.0,1.1,,82.0,1229001313.0
GU,Guam,,35600.0,,5.6,32.1,5719850773.0
GT,Guatemala,232673000000.0,12600.0,2.9,2.3,31.56,87606236290.0
GG,Guernsey,,,,6.3,,
GN,Guinea,59439000000.0,4000.0,8.1,5.3,41.8,16581617762.0
GW,Guinea-Bissau,5912000000.0,2700.0,3.8,2.7,57.9,1830722598.0
GY,Guyana,58423000000.0,70300.0,2.9,10.2,50.7,32763601884.0
HT,Haiti,32971000000.0,2800.0,26.9,15.1,33.9,13224852042.0
HN,Honduras,71297000000.0,6600.0,4.6,6.1,38.5,28925544388.0
HK,Hong Kong,497880000000.0,66200.0,1.7,2.8,0.1,348325324736.0
HU,Hungary,389207000000.0,40700.0,3.7,4.5,75.3,158992270290.0
IS,Iceland,26561000000.0,65600.0,5.9,3.2,80.7,23116588684.0
IN,India,14244000000000.0,9800.0,5.0,4.3,46.5,3693970992045.0
ID,Indonesia,4102000000000.001,14500.0,3.7,3.3,45.34,1301511819008.0
IR,Iran,1486000000000.0,16200.0,32.5,9.2,39.5,519149083728.0
IQ,Iraq,585887000000.0,12700.0,4.4,15.6,27.4,188320119060.0
IE,Ireland,620544000000.0,115300.0,2.1,4.4,45.4,572660227885.0
IL,Israel,472177000000.0,47300.0,3.1,3.2,59.6,431191570915.0
IT,Italy,3133000000000.0,53100.0,1.0,6.8,131.8,2045324195978.0
JM,Jamaica,29130000000.0,10300.0,5.4,4.9,106.3,17322971206.0
JP,Japan,5715000000000.0,46100.0,2.7,2.6,215.9,4764341438831.0
JE,Jersey,5569000000.0,,,6.3,,
JO,Jordan,109986000000.0,9500.0,1.6,18.0,102.8,52757023329.0
KZ,Kazakhstan,739385000000.0,35900.0,8.8,4.8,20.9,260383077834.0
KE,Kenya,328632000000.0,5800.0,4.5,5.5,53.2,109761569108.0
KI,Kiribati,438143000.0,3300.0,9.3,,22.9,287797935.0
KW,Kuwait,225947000000.0,45400.0,2.9,2.2,9.9,121451130439.0
KG,Kyrgyzstan,50907000000.0,7000.0,10.8,3.3,40.5,11421728478.0
LA,Laos,66905000000.0,8600.0,23.1,1.3,58.4,22101637863.0
LV,Latvia,72516000000.0,38900.0,1.3,6.8,36.3,31213460641.0
LB,Lebanon,65415000000.0,11300.0,45.2,11.6,146.8,31301271532.0
LS,Lesotho,6166000000.0,2600.0,6.1,16.2,3.0,2413784465.0
LR,Liberia,9308000000.0,1700.0,10.1,2.9,28.3,3920364939.0
LY,Libya,90609000000.0,12300.0,2.1,18.7,7.5,64400741235.0
LI,Liechtenstein,7172000000.0,210600.0,2.8,,,6268515276.0
LT,Lithuania,136227000000.0,47200.0,0.7,7.6,36.9,57090361644.0
LU,Luxembourg,86871000000.0,128200.0,2.1,6.0,23.0,70958604647.0
MO,Macau,77524000000.0,112800.0,0.5,2.5,0.0,45573992396.0
MG,Madagascar,52968000000.0,1700.0,9.9,3.1,38.4,14946436415.0
MW,Malawi,35425000000.0,1600.0,32.2,5.1,55.6,12177998253.0
MY,Malaysia,1212000000000.0,34100.0,1.8,3.9,64.3,444411684411.0
MV,Maldives,12325000000.0,23400.0,1.4,4.7,61.7,6620396113.0
ML,Mali,71253000000.0,2900.0,3.2,3.1,36.0,23530596747.0
MT,Malta,34731000000.0,60500.0,1.7,2.8,50.7,20403744841.0
MH,Marshall Islands,270809000.0,7200.0,6.2,,41.6,223999999.0
MR,Mauritania,33069000000.0,6400.0,2.5,10.4,100.0,9103536665.0
MU,Mauritius,34406000000.0,27300.0,3.6,5.5,58.0,15316148267.0
MX,Mexico,2883000000000.0,22000.0,4.7,2.8,45.1,1353338023059.0
MD,Moldova,39342000000.0,16500.0,4.7,1.5,34.3,9486079719.0
MC,Monaco,8924000000.0,270100.0,5.9,,,9548428280.0
MN,Mongolia,59221000000.0,16800.0,6.8,5.5,67.6,17424613413.0
ME,Montenegro,17375000000.0,27900.0,3.3,14.1,67.2,5471051068.0
MS,Montserrat,89254000.0,19300.0,4.0,,,
MA,Morocco,350594000000.0,9100.0,1.0,9.0,64.9,142223991027.0
MZ,Mozambique,51786000000.0,1500.0,4.1,3.6,76.6,20868838925.0
NR,Nauru,150581000.0,12600.0,2.6,,65.0,100293157.0
NP,Nepal,149643000000.0,5000.0,7.1,10.8,39.9,36537085383.0
NL,Netherlands,1276000000000.0,70900.0,3.3,3.6,56.5,937247947433.0
NC,New Caledonia,8469000000.0,34600.0,3.7,11.2,6.5,8738203074.0
NZ,New Zealand,257117000000.0,48200.0,2.9,4.9,54.0,220101916574.0
NI,Nicaragua,52989000000.0,7700.0,4.6,4.6,33.3,16620068188.0
NE,Niger,47921000000.0,1800.0,9.1,0.4,45.2,17040361036.0
NG,Nigeria,1318000000000.0,5700.0,33.2,3.0,19.6,562593735122.0
NU,Niue,18700000.0,11100.0,,,,
MP,Northern Mariana Islands,1242000000.0,,,,,896763636.0
KP,North Korea,15416000000.0,600.0,,2.9,,
MK,North Macedonia,43844000000.0,24500.0,3.5,13.5,39.3,12515101178.0
NO,Norway,507680000000.0,91100.0,3.1,4.0,36.5,470262478012.0
OM,Oman,193591000000.0,36700.0,1.0,3.2,46.9,93817318343.0
PK,Pakistan,1390000000000.0,5500.0,12.6,5.5,67.6,426041897772.0
PW,Palau,280025000.0,15800.0,2.2,,85.2,275839216.0
PA,Panama,164484000000.0,36400.0,0.7,6.6,37.4,80682556210.0
PG,Papua New Guinea,45487000000.0,4300.0,0.6,2.8,52.4,28679571266.0
PY,Paraguay,112919000000.0,16300.0,3.8,6.1,18.9,49292671875.0
PE,Peru,535910999999.9999,15700.0,2.0,4.9,35.2,238266842609.0
PH,Philippines,1202000000000.0,10400.0,3.2,2.2,39.9,474842491496.0
PL,Poland,1649000000000.0,45100.0,3.8,2.5,50.6,681596153335.0
PT,Portugal,448226000000.0,41900.0,2.4,6.4,125.7,246903381349.0
PR,Puerto Rico,141344000000.0,44100.0,4.3,5.5,50.1,99525249619.0
QA,Qatar,317064000000.0,110900.0,1.3,0.2,46.7,183488780201.0
RO,Romania,774376000000.0,40600.0,5.7,5.4,50.9,238992844283.0
RU,Russia,6089000000000.0,41700.0,6.7,2.6,18.5,1637255383314.0
RW,Rwanda,46543000000.0,3300.0,1.8,12.0,37.3,16266231947.0
KN,Saint Kitts and Nevis,1465000000.0,31300.0,3.6,,62.9,1043449132.0
LC,Saint Lucia,4359000000.0,24300.0,0.1,11.0,69.2,2178643364.0
PM,Saint Pierre and Miquelon,261300000.0,,,,,
VC,Saint Vincent and the Grenadines,1883000000.0,18700.0,3.6,18.1,82.8,986735188.0
WS,Samoa,1503000000.0,6900.0,2.2,4.6,52.6,1108788407.0
SM,San Marino,2393000000.0,70900.0,1.2,,103.2,1737822991.0
ST,Sao Tome and Principe,1291000000.0,5500.0,14.4,9.2,93.1,326781365.0
SA,Saudi Arabia,2213000000000.0,62700.0,1.7,3.9,13.1,926779452930.0
SN,Senegal,83183000000.0,4500.0,0.8,3.0,47.8,29955264558.0
RS,Serbia,177093000000.0,26900.0,4.7,7.4,73.1,57661132821.0
SC,Seychelles,3549000000.0,29200.0,0.3,,63.6,2132897396.0
SL,Sierra Leone,26728000000.0,3100.0,28.6,3.2,54.9,10281446270.0
SG,Singapore,800304000000.0,132600.0,2.4,3.2,175.6,431960358591.0
SX,Sint Maarten,1986000000.0,45800.0,2.2,,,1561672780.0
SK,Slovakia,218762000000.0,40300.0,2.8,5.3,64.3,108093566997.0
SI,Slovenia,103118000000.0,48500.0,2.0,3.4,73.6,56188114316.0
SB,Solomon Islands,2070000000.0,2500.0,5.9,1.5,15.4,1533311980.0
SO,Somalia,26770000000.0,1400.0,6.8,18.9,93.0,9148089787.0
ZA,South Africa,870420000000.0,13600.0,4.4,33.2,76.2,369909150542.0
KR,South Korea,2607000000000.0,50400.0,2.3,2.7,52.3,1936603041534.0
SS,South Sudan,6752000000.0,400.0,91.4,12.5,86.6,11997800760.0
ES,Spain,2361000000000.0,48400.0,2.8,11.4,107.3,1468952188359.0
LK,Sri Lanka,301407000000.0,13800.0,0.4,5.0,79.1,96577833375.0
SD,Sudan,94420000000.0,1900.0,138.8,11.45,99.5,30073262602.0
SR,Suriname,12316000000.0,19400.0,16.2,7.4,75.8,4679619055.0
SE,Sweden,668628000000.0,63300.0,2.8,8.6,36.9,582966494884.0
CH,Switzerland,741035000000.0,82000.0,1.1,4.2,19.9,848575173117.0
SY,Syria,98858000000.0,4200.0,94.1,13.0,91.3,16104116653.0
TW,Taiwan,1743000000000.0,32300.0,2.2,3.4,35.7,
TJ,Tajikistan,50370000000.0,4800.0,7.7,11.7,42.0,17178807095.0
TZ,Tanzania,246706000000.0,3700.0,3.1,2.6,38.0,78821459765.0
TH,Thailand,1558000000000.0,21700.0,1.4,0.7,61.1,485779667893.0
BS,The Bahamas,14544000000.0,36200.0,0.4,8.5,73.7,13630862492.0
DO,The Dominican,276884000000.0,24200.0,3.3,5.5,34.6,106991487756.0
GM,The Gambia,8365000000.0,3000.0,11.6,6.5,82.3,2218181510.0
TL,Timor-Leste,5863000000.0,4200.0,2.1,1.7,3.1,1721918280.0
TG,Togo,27115000000.0,2800.0,2.9,2.0,81.6,9417999786.0
TK,Tokelau,7711583.0,6004.0,4.0,,,
TO,Tonga,740082000.0,7100.0,3.2,2.2,43.9,511891142.0
TT,Trinidad and Tobago,43362000000.0,31700.0,0.5,4.6,37.0,22145074350.0
TN,Tunisia,156086000000.0,12700.0,7.2,16.3,62.3,50410853187.0
TR,Turkey,3018000000000.0,35300.0,58.5,8.5,33.1,1364019302183.0
TM,Turkmenistan,134555000000.0,18000.0,11.5,4.4,24.1,65562932637.0
TC,Turks and Caicos Islands,1554000000.0,33400.0,8.5,,,2660838540.0
TV,Tuvalu,57055000.0,5800.0,11.5,,47.2,42970405.0
UG,Uganda,144137000000.0,2900.0,3.3,3.0,53.1,52442200144.0
UA,Ukraine,577583000000.0,16300.0,6.5,9.9,58.7,80225421017.0
AE,United Arab Emirates,745994000000.0,68600.0,1.7,2.2,19.7,457093718948.0
GB,United Kingdom,3636000000000.0,52500.0,3.3,4.2,138.6,3364704178220.0
US,United States,25676000000000.0,75500.0,2.9,4.2,114.8,23222782186839.0
UY,Uruguay,108502000000.0,32000.0,4.8,8.5,62.4,65576691278.0
UZ,Uzbekistan,379989000000.0,10500.0,9.6,4.5,10.5,175361956576.0
VU,Vanuatu,1039000000.0,3200.0,11.2,5.1,71.7,1088971965.0
VE,Venezuela,110943000000.0,4900.0,200.9,5.5,38.9,43312814116.0
VN,Vietnam,1456000000000.0,14400.0,3.6,1.5,58.5,437707289646.0
VI,Virgin Islands,4900000000.0,46500.0,,12.1,45.9,3898534418.0
EH,Western Sahara,,2500.0,,,,
YE,Yemen,18719000000.0,200.0,29.1,17.1,68.1,36789138480.0
ZM,Zambia,79207000000.0,3700.0,15.0,6.0,71.4,29710290472.0
ZW,Zimbabwe,57391000000.0,3500.0,104.7,8.6,69.9,25478147584.0
